{
  "top1": 0.00011075423390138894,
  "recall@5": 0.0006645254325121641,
  "recall@10": 0.0008860338712111115,
  "mrr": 0.001085574389435351,
  "median_rank": 4460.0
}